Model,MAE,R2
ElasticNet,59898.80572749925,0.5245337951545793
KNN,47003.78433091578,0.7164509043388156
DecisionTree,55486.21746879714,0.515515769440757
