Model,MAE,MedAE,R2
ElasticNet,58131.197555036786,42415.25216427728,0.5410265355794315
KNN,48114.93445463387,33026.83307200689,0.7233316977711903
DecisionTree,52074.44020699486,33762.74509803922,0.6089924526471541
