Model,MAE,R2
ElasticNet,58169.66567829556,0.5345405185868451
KNN,47911.31707123953,0.7130578852447247
DecisionTree,50616.289616567585,0.6791709316057646
